<?xml version="1.0" encoding="UTF-8"?>
<project-private xmlns="http://www.netbeans.org/ns/project-private/1">
    <editor-bookmarks xmlns="http://www.netbeans.org/ns/editor-bookmarks/2" lastBookmarkId="0"/>
    <open-files xmlns="http://www.netbeans.org/ns/projectui-open-files/2">
        <group>
            <file>file:/C:/Cursos/HTML/Leccion02/ListasHTML/public_html/index.html</file>
            <file>file:/C:/Cursos/HTML/Leccion02/ListasHTML/public_html/listasOrdenadas.html</file>
            <file>file:/C:/Cursos/HTML/Leccion02/ListasHTML/public_html/listasNoOrdenadas.html</file>
            <file>file:/C:/Cursos/HTML/Leccion02/ListasHTML/public_html/listasDefinicion.html</file>
        </group>
    </open-files>
</project-private>
