<?xml version="1.0" encoding="UTF-8"?>
<project-private xmlns="http://www.netbeans.org/ns/project-private/1">
    <open-files xmlns="http://www.netbeans.org/ns/projectui-open-files/2">
        <group>
            <file>file:/C:/Cursos/HTML/Leccion08/SelectJavaScript/public_html/index.html</file>
            <file>file:/C:/Cursos/HTML/Leccion08/SelectJavaScript/public_html/funciones.js</file>
            <file>file:/C:/Cursos/HTML/Leccion08/SelectJavaScript/public_html/javaFaq.html</file>
            <file>file:/C:/Cursos/HTML/Leccion08/SelectJavaScript/public_html/netFaq.html</file>
            <file>file:/C:/Cursos/HTML/Leccion08/SelectJavaScript/public_html/phpFaq.html</file>
        </group>
    </open-files>
</project-private>
