<?xml version="1.0" encoding="UTF-8"?>
<project-private xmlns="http://www.netbeans.org/ns/project-private/1">
    <editor-bookmarks xmlns="http://www.netbeans.org/ns/editor-bookmarks/2" lastBookmarkId="0"/>
    <open-files xmlns="http://www.netbeans.org/ns/projectui-open-files/2">
        <group>
            <file>file:/C:/Cursos/HTML/Leccion05/ManejoFramesHTML/public_html/index.html</file>
            <file>file:/C:/Cursos/HTML/Leccion05/ManejoFramesHTML/public_html/navegacion.html</file>
            <file>file:/C:/Cursos/HTML/Leccion05/ManejoFramesHTML/public_html/titulo.html</file>
            <file>file:/C:/Cursos/HTML/Leccion05/ManejoFramesHTML/public_html/contenidoInicial.html</file>
            <file>file:/C:/Cursos/HTML/Leccion05/ManejoFramesHTML/public_html/contacto.html</file>
            <file>file:/C:/Cursos/HTML/Leccion05/ManejoFramesHTML/public_html/informacion.html</file>
        </group>
    </open-files>
</project-private>
